Set Size,Ear Width.MeanSEM,Ear Width.MeanCorr,Kernel Fill Length.MeanSEM,Kernel Fill Length.MeanCorr,Kernel Row Number.MeanSEM,Kernel Row Number.MeanCorr,Kernels per Row.MeanSEM,Kernels per Row.MeanCorr,Ear Weight.MeanSEM,Ear Weight.MeanCorr,Kernel Count.MeanSEM,Kernel Count.MeanCorr,Cob Length.MeanSEM,Cob Length.MeanCorr,Cob Width.MeanSEM,Cob Width.MeanCorr,Cob Weight.MeanSEM,Cob Weight.MeanCorr,100 Kernel weight.MeanSEM,100 Kernel weight.MeanCorr,Kernel Mass.MeanSEM,Kernel Mass.MeanCorr
2,0.1129692203306193,0.9937622294506159,0.8804344312854676,0.9784419473835952,0.7325437947199606,0.8826178418804626,2.426215149272144,0.889665903499595,15.09358314828522,0.9251668924809318,43.18233407352578,0.895260711371997,0.8404544781643228,0.9842322623711126,0.08215334320256601,0.988728093396755,1.890226375524303,0.9230402749916548,1.3522919442388355,0.9612314024105785,13.430183814458424,0.9264395684587818
3,0.10944791351701738,0.9975354221260659,0.7901114346882814,0.9899889120503267,0.6925238637718293,0.9596896750446035,2.172391590941312,0.957892281679605,13.407652760972933,0.9726833330873266,38.560840048159776,0.959594318484254,0.7531367597538876,0.9933731442663064,0.08050096514382733,0.996501679270477,1.6869149971673252,0.9722792851899791,1.2162309691842885,0.9868308966904896,11.937832982322018,0.9728239804475203
4,0.1042359213270701,1.0,0.7250568215795116,1.0,0.6387292185276081,1.0,1.9889902830079398,1.0,12.382120780034533,1.0,35.478995643789396,1.0,0.69067021946247,1.0,0.07672650189788187,1.0,1.548823653705884,1.0,1.1074329337430189,1.0,11.029454931433529,1.0
