Set Size,starch.MeanSEM,starch.MeanCorr,protein.MeanSEM,protein.MeanCorr,oil.MeanSEM,oil.MeanCorr,fiber.MeanSEM,fiber.MeanCorr,ash.MeanSEM,ash.MeanCorr,moisture.MeanSEM,moisture.MeanCorr
2,0.34034086623861265,0.9852901952885708,0.11715498694460702,0.9980488608223594,0.1402712389775862,0.9573311856247241,0.06722727963217388,0.991116412558614,0.020703602086112122,0.995014910606285,0.09172209026128265,0.9989126585867976
3,0.3158514184048027,1.0,0.10686104082666029,1.0,0.12981897538669476,1.0,0.06229424024720604,1.0,0.019016141373391506,1.0,0.08452904730362498,1.0
